title,externalPath,locationsText,postedOn,bulletFields
Customer Care Manager II,/job/Greenwood-Village-Colorado/Customer-Care-Manager-II_JR6970,"Greenwood Village, Colorado",Posted Yesterday,JR6970
Sales Consultant,/job/Greenwood-Village-Colorado/Sales-Consultant_JR6860,"Greenwood Village, Colorado",Posted Yesterday,JR6860
Senior Residential Draftperson,/job/Scottsdale-AZ/Senior-Residential-Draftperson_JR6968,"Scottsdale, AZ",Posted Yesterday,JR6968
"Resource Scheduling Expeditor - Nashville, TN",/job/Brentwood-TN/Resource-Scheduling-Expeditor---Nashville--TN_JR6922,"Brentwood, TN",Posted Yesterday,JR6922
Title & Insurance Product Strategy Summer 2025 Intern (PGP Title),/job/Coppell-TX/Title---Insurance-Product-Strategy-Intern--Pulte-Mortgage-_JR6655,"Coppell, TX",Posted Yesterday,JR6655
Land Acquisition Analyst,/job/Portland-Oregon/Land-Acquisition-Analyst_JR6964,"Portland, Oregon",Posted 2 Days Ago,JR6964
1st Shift Component Assembler - Panel,/job/Green-Cove-Springs-FL/XMLNAME-1st-Shift-Component-Assembler---Panel_JR6746,"Green Cove Springs, FL",Posted 2 Days Ago,JR6746
Sales Consultant (Henry County),/job/Alpharetta-GA/Sales-Consultant--Henry-County-_JR6959,"Alpharetta, GA",Posted 2 Days Ago,JR6959
"Construction Manager - Bluffton, SC",/job/Hilton-Head-SC/Construction-Manager_JR6832,"Hilton Head, SC",Posted 2 Days Ago,JR6832
Class A CDL Flatbed Driver,/job/Florence-SC/Class-A-CDL-Flatbed-Driver_JR5512,"Florence, SC",Posted 2 Days Ago,JR5512
Material Handler,/job/Charleston-Svc-Center-ICG/Material-Handler_JR6957-1,Charleston Svc Center (ICG),Posted 2 Days Ago,JR6957
Escrow Officer (PGP Title),/job/Houston-TX/Escrow-Officer--PGP-Title-_JR6956,"Houston, TX",Posted 3 Days Ago,JR6956
Branch Manager (PGP Title),/job/San-Antonio-TX/Branch-Manager--PGP-Title-_JR6954,"San Antonio, TX",Posted 3 Days Ago,JR6954
Litigation Manager,/job/Atlanta-GA/Litigation-Manager_JR6952,3 Locations,Posted 3 Days Ago,JR6952
Sales Administrator (Fort Myers Area),/job/Bonita-Springs-FL/Sales-Administrator_JR6951,"Bonita Springs, FL",Posted 3 Days Ago,JR6951
"Division Assistant Controller - Houston, TX",/job/Houston-TX/Division-Controller-I---Houston--TX_JR6945-1,"Houston, TX",Posted 3 Days Ago,JR6945
Sales Consultant (Punta Gorda Area),/job/Bonita-Springs-FL/Sales-Consultant--Punta-Gorda-Area-_JR6950,"Bonita Springs, FL",Posted 3 Days Ago,JR6950
Sales Consultant (Fort Myers Area),/job/Bonita-Springs-FL/Sales-Consultant--Fort-Myers-Area-_JR6949,"Bonita Springs, FL",Posted 3 Days Ago,JR6949
"Marketing Intern - Coppell, TX",/job/Coppell-TX/Marketing-Intern---Coppell--TX_JR6942,"Coppell, TX",Posted 3 Days Ago,JR6942
"Procurement Agent - Houston, TX",/job/Houston-TX/Procurement-Agent---Houston--TX_JR6948,"Houston, TX",Posted 3 Days Ago,JR6948
"Senior Procurement Agent - Houston, TX",/job/Houston-TX/Senior-Procurement-Agent---Houston--TX_JR6947,"Houston, TX",Posted 3 Days Ago,JR6947
"Sales Consultant - Houston, TX",/job/Houston-TX/Sales-Consultant---Houston--TX_JR6946,"Houston, TX",Posted 3 Days Ago,JR6946
Vendor & Consumer Services Liaison (Temporary) - (Pulte Mortgage),/job/Englewood-CO/Vendor---Consumer-Services-Liaison--Temporary-----Pulte-Mortgage-_JR6912,"Englewood, CO",Posted 3 Days Ago,JR6912
NSS Senior Accountant I,/job/Atlanta-GA/NSS-Senior-Accountant-I_JR6940,"Atlanta, GA",Posted 3 Days Ago,JR6940
Government Risk & Compliance Analyst I (Pulte Mortgage),/job/Atlanta-GA/Government-Risk---Compliance-Analyst-I--Pulte-Mortgage-_JR6939,"Atlanta, GA",Posted 4 Days Ago,JR6939
Customer Care Internship,/job/Bloomington-MN/Customer-Care-Internship_JR6703,"Bloomington, MN",Posted 4 Days Ago,JR6703
"NSS Accounting Intern - Atlanta, Ga",/job/Atlanta-GA/NSS-Intern---Atlanta--Ga_JR6642,"Atlanta, GA",Posted 4 Days Ago,JR6642
Sales Trainee (Griffin Area),/job/Alpharetta-GA/Sales-Trainee--Griffin-Area-_JR6938,"Alpharetta, GA",Posted 4 Days Ago,JR6938
Construction Intern (Multiple Locations),/job/Atlanta-GA/Construction-Intern--Multiple-Locations-_JR6186,45 Locations,Posted 4 Days Ago,JR6186
Finance Intern (Multiple Locations),/job/Atlanta-GA/Finance-Intern--Multiple-Locations-_JR6187,12 Locations,Posted 4 Days Ago,JR6187
Land Intern (Multiple Locations),/job/Atlanta-GA/Land-Intern--Multiple-Locations-_JR6188,23 Locations,Posted 4 Days Ago,JR6188
Sales Intern (Multiple Locations),/job/Atlanta-GA/Sales-Intern--Multiple-Locations-_JR6191,25 Locations,Posted 4 Days Ago,JR6191
"Resource Planning Manager - Raleigh, NC",/job/Cary-NC/Resource-Planning-Manager---Raleigh--NC_JR6936,"Cary, NC",Posted 5 Days Ago,JR6936
Servicing Specialist / Cashiering - (Pulte Mortgage),/job/Englewood-CO/Servicing-Specialist---Cashiering----Pulte-Mortgage-_JR6934,"Englewood, CO",Posted 5 Days Ago,JR6934
Customer Care Manager II,/job/Mission-Viejo-CA/Customer-Care-Manager-II_JR6931,"Mission Viejo, CA",Posted 5 Days Ago,JR6931
Division Financial Analyst,/job/Scottsdale-AZ/Division-Financial-Analyst_JR6930,"Scottsdale, AZ",Posted 5 Days Ago,JR6930
Construction Manager,/job/Albuquerque-NM/Construction-Manager_JR6928,"Albuquerque, NM",Posted 5 Days Ago,JR6928
"Sales Consultant - Manteca, CA",/job/Pleasanton-CA/Sales-Consultant---Manteca--CA_JR6927,"Pleasanton, CA",Posted 5 Days Ago,JR6927
"Land Acquisition Manager - Raleigh, NC",/job/Cary-NC/Land-Acquisition-Manager---Raleigh--NC_JR6125,"Cary, NC",Posted 8 Days Ago,JR6125
"Sales Consultant - Austin, TX",/job/Austin-TX/Sales-Consultant---Austin--TX_JR6915,"Austin, TX",Posted 8 Days Ago,JR6915
Procurement Coordinator (FIELD),/job/Myrtle-Beach-SC/Procurement-Coordinator--FIELD-_JR6914,"Myrtle Beach, SC",Posted 8 Days Ago,JR6914
Infrastructure Engineer I - (PGP Title),/job/Coppell-TX/Infrastructure-Engineer-I----PGP-Title-_JR6795,"Coppell, TX",Posted 9 Days Ago,JR6795
"Marketing Coordinator - Charleston, SC",/job/North-Charleston-SC/Marketing-Coordinator---Charleston--SC_JR6891,"North Charleston, SC",Posted 9 Days Ago,JR6891
"Contract Coordinator - Charlotte, NC",/job/Charlotte-NC/Contract-Coordinator_JR6890,"Charlotte, NC",Posted 9 Days Ago,JR6890
Marketing Manager,/job/Schaumburg-IL/Marketing-Manager_JR6867,"Schaumburg, IL",Posted 9 Days Ago,JR6867
Division Controller,/job/Scottsdale-AZ/Division-Controller_JR6907,"Scottsdale, AZ",Posted 10 Days Ago,JR6907
Host II (Babcock Ranch Area),/job/Bonita-Springs-FL/Host-II--Babcock-Ranch-Area-_JR6906,"Bonita Springs, FL",Posted 10 Days Ago,JR6906
Host II,/job/Orlando-FL/Host-II_JR6866,"Orlando, FL",Posted 10 Days Ago,JR6866
Customer Care Manager II,/job/Carmel-IN/Customer-Care-Manager_JR6858,"Carmel, IN",Posted 10 Days Ago,JR6858
New Home Sales Consultant,/job/Carmel-IN/New-Home-Sales-Consultant_JR6826,"Carmel, IN",Posted 10 Days Ago,JR6826
New Home Sales Consultant,/job/Schaumburg-IL/New-Home-Sales-Consultant_JR6905,"Schaumburg, IL",Posted 10 Days Ago,JR6905
Security Operations Engineer (Pulte Mortgage),/job/Englewood-CO/Security-Operations-Engineer--Pulte-Mortgage-_JR6874,3 Locations,Posted 11 Days Ago,JR6874
Online Sales Specialist,/job/Riverview-FL/Online-Sales-Specialist_JR6889,"Riverview, FL",Posted 11 Days Ago,JR6889
Mortgage Branch Manager (Pulte Mortgage),/job/West-Palm-Beach-FL/Mortgage-Branch-Manager--Pulte-Mortgage-_JR6900,"West Palm Beach, FL",Posted 12 Days Ago,JR6900
2nd Shift - Production Manager,/job/Florence-SC/XMLNAME-2nd-Shift---Production-Manager_JR6803,"Florence, SC",Posted 12 Days Ago,JR6803
Online Sales Specialist,/job/Westborough-MA/Online-Sales-Specialist_JR6897,"Westborough, MA",Posted 12 Days Ago,JR6897
Escrow Production Manager (PGP Title),/job/Orlando-FL/Escrow-Production-Manager--PGP-Title-_JR6705-1,"Orlando, FL",Posted 12 Days Ago,JR6705
Assistant Construction Manager (Land O Lakes),/job/Riverview-FL/Assistant-Construction-Manager--Land-O-Lakes-_JR5070,"Riverview, FL",Posted 12 Days Ago,JR5070
Assistant Construction Manager (Wesley Chapel),/job/Riverview-FL/Assistant-Construction-Manager--Wesley-Chapel-_JR5069,"Riverview, FL",Posted 12 Days Ago,JR5069
NSS Senior Accountant I,/job/Atlanta-GA/NSS-Senior-Accountant-I_JR6880,"Atlanta, GA",Posted 15 Days Ago,JR6880
Construction Manager - HD (High Density),/job/Fairfax-VA/Construction-Manager---HD--High-Density-_JR6692,2 Locations,Posted 15 Days Ago,JR6692
"Procurement Coordinator - Austin, TX",/job/Austin-TX/Procurement-Coordinator---Austin--TX_JR6886,"Austin, TX",Posted 15 Days Ago,JR6886
"Land Project Manager - Coppell, TX",/job/Coppell-TX/Land-Project-Manager---Coppell--TX_JR6885-1,"Coppell, TX",Posted 15 Days Ago,JR6885
Construction Manager,/job/Strongsville-OH/Construction-Manager_JR6600,"Strongsville, OH",Posted 15 Days Ago,JR6600
Construction Manager,/job/Sunbury-Ohio/Construction-Manager_JR6857,"Sunbury, Ohio",Posted 15 Days Ago,JR6857
Construction Manager,/job/Sunbury-Ohio/Construction-Manager_JR6781,2 Locations,Posted 15 Days Ago,JR6781
Construction Manager,/job/Carmel-IN/Construction-Manager_JR6592,"Carmel, IN",Posted 15 Days Ago,JR6592
Construction Manager,/job/Bridgewater-TWP-New-Jersey/Construction-Manager_JR6812,"Bridgewater TWP, New Jersey",Posted 16 Days Ago,JR6812
"Governance, Risk & Compliance Analyst III",/job/Atlanta-GA/Governance--Risk---Compliance-Analyst-III_JR6570,"Atlanta, GA",Posted 16 Days Ago,JR6570
"Marketing Coordinator - Nashville, TN",/job/Brentwood-TN/Marketing-Coordinator_JR6879,"Brentwood, TN",Posted 16 Days Ago,JR6879
"General Sales Manager - Nashville, TN",/job/Brentwood-TN/General-Sales-Manager---Nashville--TN_JR6872,"Brentwood, TN",Posted 17 Days Ago,JR6872
"Host I - Nashville, TN",/job/Brentwood-TN/Host-I---Nashville--TN_JR6871,"Brentwood, TN",Posted 17 Days Ago,JR6871
Title Summer 2025 Intern (PGP Title),/job/Coppell-TX/Title-Summer-2025-Intern--PGP-Title-_JR6868,"Coppell, TX",Posted 17 Days Ago,JR6868
"Procurement Agent - Houston, TX",/job/Houston-TX/Procurement-Agent---Houston--TX_JR6627,"Houston, TX",Posted 17 Days Ago,JR6627
"Manager Land Plan & Entitlement - Austin, TX",/job/Austin-TX/Manager-Land-Plan---Entitlement---Austin--TX_JR5557,"Austin, TX",Posted 17 Days Ago,JR5557
Construction Manager (Riverview),/job/Riverview-FL/Construction-Manager_JR6798,"Riverview, FL",Posted 17 Days Ago,JR6798
2nd Shift Component Assembler (Panel),/job/Florence-SC/XMLNAME-2nd-Shift-Component-Assembler--Panel-_JR6591,"Florence, SC",Posted 18 Days Ago,JR6591
"Regional Procurement Manager - Coppell, TX",/job/Coppell-TX/Manager-Strategic-Sourcing---Coppell--TX_JR6514,"Coppell, TX",Posted 18 Days Ago,JR6514
"Assistant Construction Manager - Columbia, SC",/job/Columbia-SC/Assistant-Construction-Manager---Columbia--SC_JR6844,"Columbia, SC",Posted 18 Days Ago,JR6844
Sales Consultant,/job/Albuquerque-NM/Sales-Consultant_JR6864,"Albuquerque, NM",Posted 19 Days Ago,JR6864
Assistant Controller,/job/Mission-Viejo-CA/Assistant-Controller_JR6863,"Mission Viejo, CA",Posted 19 Days Ago,JR6863
Mortgage Service Liaison - (Pulte Mortgage),/job/Englewood-CO/Mortgage-Service-Liaison----Pulte-Mortgage-_JR6861,"Englewood, CO",Posted 19 Days Ago,JR6861
Plant & Field Ops Intern,/job/Savannah-ICG-Georgia/Plant---Field-Ops-Intern_JR6659,2 Locations,Posted 19 Days Ago,JR6659
Software Developer III - Data,/job/Atlanta-GA/Software-Developer-III---Data_JR6856,"Atlanta, GA",Posted 19 Days Ago,JR6856
Land Planning & Entitlement Manager,/job/Bridgewater-TWP-New-Jersey/Land-Planning---Entitlement-Manager_JR6853,"Bridgewater TWP, New Jersey",Posted 19 Days Ago,JR6853
Division Financial Analyst,/job/Riverview-FL/Division-Financial-Analyst_JR6140,"Riverview, FL",Posted 19 Days Ago,JR6140
Plant & Field Ops Intern,/job/Charleston-Svc-Center-ICG/Plant---Field-Ops-Intern--Charleston--SC-_JR6779,Charleston Svc Center (ICG),Posted 22 Days Ago,JR6779
"IT Manager, Analytics",/job/Atlanta-GA/IT-Manager--Analytics_JR6846,"Atlanta, GA",Posted 22 Days Ago,JR6846
Design Center Consultant,/job/Greenwood-Indiana/Design-Center-Consultant_JR6628,"Greenwood, Indiana",Posted 23 Days Ago,JR6628
"Online Sales Specialist - Brentwood, TN",/job/Brentwood-TN/Online-Sales-Specialist---Brentwood--TN_JR6790,"Brentwood, TN",Posted 23 Days Ago,JR6790
Senior Manager Market Intelligence,/job/Bonita-Springs-FL/Senior-Manager-Market-Intelligence_JR6799,"Bonita Springs, FL",Posted 23 Days Ago,JR6799
Area Manufacturing Scheduling Manager,/job/Green-Cove-Springs-FL/Area-Scheduling-Manager_JR6735,"Green Cove Springs, FL",Posted 23 Days Ago,JR6735
New Home Sales Consultant,/job/Medina-OH/New-Home-Sales-Consultant_JR6843,"Medina, OH",Posted 24 Days Ago,JR6843
Sales Consultant,/job/Orlando-FL/Sales-Consultant_JR6842,"Orlando, FL",Posted 24 Days Ago,JR6842
Virtual Customer Care Manager,/job/Riverview-FL/Virtual-Customer-Care-Manager_JR6841,"Riverview, FL",Posted 24 Days Ago,JR6841
Division Director Land Acquisition (Polk County),/job/Riverview-FL/Division-Director-Land-Acquisition--Polk-County-_JR6839,"Riverview, FL",Posted 24 Days Ago,JR6839
Sales Consultant (Spartanburg Area),/job/Greenville-SC/Sales-Consultant--Spartanburg-Area-_JR6037,"Greenville, SC",Posted 24 Days Ago,JR6037
Division Director Land Acquisition (Ocala Area),/job/Ocala-FL/Division-Director-Land-Acquisition--Ocala-Area-_JR6838,"Ocala, FL",Posted 24 Days Ago,JR6838
Procurement Agent,/job/Bridgewater-TWP-New-Jersey/Procurement-Agent_JR6836,"Bridgewater TWP, New Jersey",Posted 25 Days Ago,JR6836
2nd Shift Component Assembler (Panel),/job/Green-Cove-Springs-FL/XMLNAME-2nd-Shift-Component-Assembler--Panel-_JR6834,"Green Cove Springs, FL",Posted 25 Days Ago,JR6834
"Sales Consultant - San Antonio, TX",/job/San-Antonio-TX/Sales-Consultant---San-Antonio--TX_JR6830,"San Antonio, TX",Posted 29 Days Ago,JR6830
Division Assistant Controller,/job/Salt-Lake-City-UT/Division-Assistant-Controller_JR6825,"Salt Lake City, UT",Posted 30 Days Ago,JR6825
Sales Consultant,/job/Dublin-OH/Sales-Consultant_JR6688,"Dublin, OH",Posted 30 Days Ago,JR6688
Construction Manager,/job/Albuquerque-NM/Construction-Manager_JR6820,"Albuquerque, NM",Posted 30+ Days Ago,JR6820
Construction Manager,/job/Las-Vegas-NV/Construction-Manager_JR6819,"Las Vegas, NV",Posted 30+ Days Ago,JR6819
Division VP Land Planning & Development,/job/Fairfax-VA/Division-VP-Land-Planning---Dev_JR6815,"Fairfax, VA",Posted 30+ Days Ago,JR6815
Escrow Manager (PGP Title),/job/Bloomington-MN/Escrow-Manager--PGP-Title-_JR6813,"Bloomington, MN",Posted 30+ Days Ago,JR6813
Host II,/job/Riverview-FL/Host-II_JR6809,"Riverview, FL",Posted 30+ Days Ago,JR6809
Sales Associate,/job/Riverview-FL/Sales-Associate_JR6808,"Riverview, FL",Posted 30+ Days Ago,JR6808
Sales Consultant (Parrish Area),/job/Riverview-FL/Sales-Consultant--Parrish-Area-_JR6807,"Riverview, FL",Posted 30+ Days Ago,JR6807
Sales Consultant (Spring Hill Area),/job/Riverview-FL/Sales-Consultant--Spring-Hill-Area-_JR6805,"Riverview, FL",Posted 30+ Days Ago,JR6805
"Sales Administrator - Wilmington, NC",/job/Wilmington-NC/Sales-Administrator---Wilmington--NC_JR6802,"Wilmington, NC",Posted 30+ Days Ago,JR6802
Market Intelligence Senior Analyst,/job/Bonita-Springs-FL/Market-Intelligence-Senior-Analyst_JR6800,"Bonita Springs, FL",Posted 30+ Days Ago,JR6800
Manager Land Acquisition,/job/Greenville-SC/Manager-Land-Acquisition_JR6501,"Greenville, SC",Posted 30+ Days Ago,JR6501
Land Financial Analyst,/job/Riverview-FL/Land-Financial-Analyst_JR6797,"Riverview, FL",Posted 30+ Days Ago,JR6797
Division President,/job/Salt-Lake-City-UT/Salt-Lake-City-Division-President_JR6727,"Salt Lake City, UT",Posted 30+ Days Ago,JR6727
1st Shift Machine Operator - Panel,/job/Florence-SC/XMLNAME-1st-Shift-Machine-Operator---Panel_JR6793,"Florence, SC",Posted 30+ Days Ago,JR6793
"Senior Corporate Auditor, Finance Leadership Development",/job/Atlanta-GA/Corporate-Audit-Senior-I_JR5547,"Atlanta, GA",Posted 30+ Days Ago,JR5547
Mortgage Operations Learning & Development Intern - Summer 2025 - (Pulte Mortgage),/job/Englewood-CO/Mortgage-Operations-Learning---Development-Intern---Summer-2024----Pulte-Mortgage-_JR6673,"Englewood, CO",Posted 30+ Days Ago,JR6673
Plant & Field Ops Intern,/job/Jacksonville-FL/Plant---Field-Ops-Intern--Jacksonville--FL-and-Green-Cove-Springs--FL_JR6656,"Jacksonville, FL",Posted 30+ Days Ago,JR6656
Land Project Manager,/job/Louisville-KY/Land-Project-Manager_JR6782,"Louisville, KY",Posted 30+ Days Ago,JR6782
Land Project Manager,/job/Medina-OH/Land-Project-Manager_JR6780,"Medina, OH",Posted 30+ Days Ago,JR6780
Procurement Intern (Multiple Locations),/job/Atlanta-GA/Procurement-Intern--Multiple-Locations-_JR6190,17 Locations,Posted 30+ Days Ago,JR6190
Marketing Intern (Multiple Locations),/job/Atlanta-GA/Marketing-Intern--Multiple-Locations-_JR6189,9 Locations,Posted 30+ Days Ago,JR6189
Financial Analyst,/job/Alpharetta-GA/Financial-Analyst_JR6776,"Alpharetta, GA",Posted 30+ Days Ago,JR6776
Senior Procurement Agent,/job/Mission-Viejo-CA/Senior-Procurement-Agent_JR6773,"Mission Viejo, CA",Posted 30+ Days Ago,JR6773
"Office Coordinator - Coppell, TX",/job/Coppell-TX/Office-Coordinator---Coppell--TX_JR6478,"Coppell, TX",Posted 30+ Days Ago,JR6478
Design Center Consultant,/job/Schaumburg-IL/Design-Center-Consultant_JR6663-1,"Schaumburg, IL",Posted 30+ Days Ago,JR6663
Virtual Customer Care Manager,/job/Carmel-IN/Virtual-Customer-Care-Manager_JR6766,"Carmel, IN",Posted 30+ Days Ago,JR6766
Design Center Consultant,/job/Medina-OH/Design-Center-Consultant_JR6765,"Medina, OH",Posted 30+ Days Ago,JR6765
"Sales Consultant - Manteca, CA",/job/Pleasanton-CA/Sales-Consultant---Manteca--CA_JR6764,"Pleasanton, CA",Posted 30+ Days Ago,JR6764
"Customer Care Manager II - Brentwood, TN",/job/Brentwood-TN/Customer-Care-Manager-II---Brentwood--TN_JR6760,"Brentwood, TN",Posted 30+ Days Ago,JR6760
NSS A/P Lien Coordinator,/job/Atlanta-GA/NSS-A-P-Lien-Coordinator_JR6755,"Atlanta, GA",Posted 30+ Days Ago,JR6755
"Sales Administrator - Coppell, TX",/job/Coppell-TX/Sales-Administrator---Coppell--TX_JR5849,"Coppell, TX",Posted 30+ Days Ago,JR5849
Construction Manager - Sacramento,/job/Pleasanton-CA/Construction-Manager---Sacramento_JR6753,"Pleasanton, CA",Posted 30+ Days Ago,JR6753
Construction Manager - HD,/job/Pleasanton-CA/Construction-Manager---HD_JR6752,"Pleasanton, CA",Posted 30+ Days Ago,JR6752
Truss Designer (Remote),/job/Jacksonville-FL/Truss-Designer--Remote-_JR6182,7 Locations,Posted 30+ Days Ago,JR6182
"Procurement Agent - Nashville, TN",/job/Brentwood-TN/Procurement-Agent---Nashville--TN_JR6750,"Brentwood, TN",Posted 30+ Days Ago,JR6750
Director Construction Operations,/job/Salt-Lake-City-UT/Director-Construction-Operations_JR6745,"Salt Lake City, UT",Posted 30+ Days Ago,JR6745
Division Director Sales,/job/Salt-Lake-City-UT/Division-Director-Sales_JR6744,"Salt Lake City, UT",Posted 30+ Days Ago,JR6744
"Land Development Manager - Savannah, GA",/job/Savannah-GA/Land-Development-Manager---Savannah--GA_JR6668-1,"Savannah, GA",Posted 30+ Days Ago,JR6668
Area Scheduling Manager,/job/Florence-SC/Area-Scheduling-Manager_JR6734,"Florence, SC",Posted 30+ Days Ago,JR6734
Manager Land Acquisition,/job/Salt-Lake-City-UT/Manager-Land-Acquisition_JR6732-1,"Salt Lake City, UT",Posted 30+ Days Ago,JR6732
"Manager Land Acquisition - St. George, Utah",/job/Salt-Lake-City-UT/Manager-Land-Acquisition---St-George--Utah_JR6731,"Salt Lake City, UT",Posted 30+ Days Ago,JR6731
Land Aquisition Manager,/job/San-Antonio-TX/Land-Aquisition-Manager_JR6726,"San Antonio, TX",Posted 30+ Days Ago,JR6726
Manager Market Intelligence (FIELD),/job/Fairfax-VA/Manager-Market-Intelligence--FIELD-_JR6723,"Fairfax, VA",Posted 30+ Days Ago,JR6723
Division Vice President of Land Acquisition,/job/Fairfax-VA/Division-Vice-President-of-Land-Acquisition_JR6712,"Fairfax, VA",Posted 30+ Days Ago,JR6712
"General Sales Manager - Wilmington, NC",/job/Wilmington-NC/General-Sales-Manager---Wilmington--NC_JR6615,"Wilmington, NC",Posted 30+ Days Ago,JR6615
"IT UX/UI Intern - Atlanta, Ga",/job/Atlanta-GA/IT-Intern_JR6639,"Atlanta, GA",Posted 30+ Days Ago,JR6639
Division Product Agent,/job/Carmel-IN/Division-Product-Agent_JR6707,"Carmel, IN",Posted 30+ Days Ago,JR6707
Customer Care Manager (Ocala),/job/Ocala-FL/Customer-Care-Manager_JR6687,"Ocala, FL",Posted 30+ Days Ago,JR6687
"Division Product Agent - Myrtle Beach, SC",/job/Myrtle-Beach-SC/Division-Product-Agent---Myrtle-Beach--NC_JR6701,"Myrtle Beach, SC",Posted 30+ Days Ago,JR6701
Marketing Coordinator,/job/Riverview-FL/Marketing-Coordinator_JR6678-1,"Riverview, FL",Posted 30+ Days Ago,JR6678
Sales Consultant (Gwinnett County),/job/Alpharetta-GA/Sales-Consultant--Gwinnett-County-_JR6698,"Alpharetta, GA",Posted 30+ Days Ago,JR6698
2nd Shift Component Assembler - Truss,/job/Florence-SC/XMLNAME-2nd-Shift-Component-Assembler---Truss_JR6691,"Florence, SC",Posted 30+ Days Ago,JR6691
"Sales Consultant - Vancouver, WA",/job/Bellevue-WA/Sales-Consultant---Vancouver--WA_JR6683,"Bellevue, WA",Posted 30+ Days Ago,JR6683
Permit Coordinator,/job/Orlando-FL/Permit-Coordinator_JR6684,"Orlando, FL",Posted 30+ Days Ago,JR6684
Assistant Superintendent,/job/Savannah-GA/Assistant-Superintendent_JR5700,"Savannah, GA",Posted 30+ Days Ago,JR5700
Virtual Customer Care Manager II,/job/Westborough-MA/Virtual-Customer-Care-Manager-II_JR6619,"Westborough, MA",Posted 30+ Days Ago,JR6619
Customer Care Manager II,/job/Westborough-MA/Customer-Care-Manager-II_JR6618,"Westborough, MA",Posted 30+ Days Ago,JR6618
Director of People Analytics & Strategy,/job/Atlanta-GA/Director-of-People-Analytics---Strategy_JR6612-1,"Atlanta, GA",Posted 30+ Days Ago,JR6612
"Sales Trainee - Raleigh, NC",/job/Cary-NC/Sales-Trainee---Raleigh--NC_JR6565,"Cary, NC",Posted 30+ Days Ago,JR6565
Sales Consultant - Southeast Valley,/job/Scottsdale-Arizona/Sales-Consultant---Southeast-Valley_JR6578,"Scottsdale, Arizona",Posted 30+ Days Ago,JR6578
Paralegal,/job/Scottsdale-AZ/Paralegal_JR6575,"Scottsdale, AZ",Posted 30+ Days Ago,JR6575
"Sales Trainee - Charlotte, NC",/job/Charlotte-NC/Sales-Trainee---Charlotte--NC_JR6572,"Charlotte, NC",Posted 30+ Days Ago,JR6572
Sales Consultant,/job/Alpharetta-GA/Sales-Consultant_JR6561,"Alpharetta, GA",Posted 30+ Days Ago,JR6561
Procurement Agent,/job/Dublin-OH/Procurement-Agent_JR6545,"Dublin, OH",Posted 30+ Days Ago,JR6545
"Sales Trainee - Raleigh, NC",/job/Cary-NC/Sales-Trainee---Raleigh--NC_JR6563,"Cary, NC",Posted 30+ Days Ago,JR6563
"Sales Trainee - Raleigh, NC",/job/Cary-NC/Sales-Trainee---Raleigh--NC_JR6566,"Cary, NC",Posted 30+ Days Ago,JR6566
"Sales Trainee - Raleigh, NC",/job/Cary-NC/Sales-Trainee---Raleigh--NC_JR6564,"Cary, NC",Posted 30+ Days Ago,JR6564
Assistant Construction Manager (Polk County),/job/Riverview-FL/Assistant-Construction-Manager--Polk-County-_JR6543,"Riverview, FL",Posted 30+ Days Ago,JR6543
"Sales Administrator - Charleston, SC",/job/North-Charleston-SC/Sales-Administrator---Charleston--SC_JR6522,"North Charleston, SC",Posted 30+ Days Ago,JR6522
"Sales Trainee - Savannah, GA",/job/Savannah-GA/Sales-Trainee---Savannah--GA_JR6499,"Savannah, GA",Posted 30+ Days Ago,JR6499
1st Shift Machine Operator - Truss,/job/Florence-SC/XMLNAME-1st-Shift-Machine-Operator---Truss_JR6503,"Florence, SC",Posted 30+ Days Ago,JR6503
1st Shift Material Handler - Truss,/job/Florence-SC/XMLNAME-1st-Shift-Material-Handler---Truss_JR6502,"Florence, SC",Posted 30+ Days Ago,JR6502
Sales Trainee,/job/Alpharetta-GA/Sales-Trainee_JR6496,"Alpharetta, GA",Posted 30+ Days Ago,JR6496
"Land Project Manager - Raleigh, NC",/job/Cary-NC/Land-Project-Manager---Raleigh--NC_JR6490,"Cary, NC",Posted 30+ Days Ago,JR6490
Area Construction Manager,/job/Greenville-SC/Area-Construction-Manager_JR6486,"Greenville, SC",Posted 30+ Days Ago,JR6486
"Sales Consultant - Charlotte, NC",/job/Charlotte-NC/Sales-Consultant---Charlotte--NC_JR6475,"Charlotte, NC",Posted 30+ Days Ago,JR6475
Sales Consultant (Melbourne/Palm Bay Area),/job/Orlando-FL/Sales-Consultant--Melbourne-Palm-Bay-Area-_JR6474,"Orlando, FL",Posted 30+ Days Ago,JR6474
"Sales Consultant - Charlotte, NC",/job/Charlotte-NC/Sales-Consultant---Charlotte--NC_JR6473-1,"Charlotte, NC",Posted 30+ Days Ago,JR6473
Manager Land Acquisition,/job/Mission-Viejo-CA/Manager-Land-Acquisition_JR6468,"Mission Viejo, CA",Posted 30+ Days Ago,JR6468
"Land Acquisition Manager - Myrtle Beach, SC/Wilmington, NC",/job/Myrtle-Beach-SC/Land-Acquisition-Manager---Myrtle-Beach--SC-Wilmington--NC_JR6236,2 Locations,Posted 30+ Days Ago,JR6236
"Online Sales Specialist - Charleston, SC",/job/North-Charleston-SC/Online-Sales-Specialist---Charleston--SC_JR6423,"North Charleston, SC",Posted 30+ Days Ago,JR6423
1st Shift Component Assembler (Panel),/job/Florence-SC/XMLNAME-1st-Shift-Component-Assembler--Panel-_JR5848-1,"Florence, SC",Posted 30+ Days Ago,JR5848
1st Shift Component Assembler (Truss),/job/Florence-SC/Component-Assembler--Truss-_JR4337,"Florence, SC",Posted 30+ Days Ago,JR4337
"General Sales Manager - Charlotte, NC",/job/Charlotte-NC/General-Sales-Manager---Charlotte--NC_JR6382,"Charlotte, NC",Posted 30+ Days Ago,JR6382
Sales Consultant,/job/Jacksonville-FL/Sales-Consultant_JR6341,2 Locations,Posted 30+ Days Ago,JR6341
Resource Scheduling Coordinator,/job/Greenville-SC/Resource-Scheduling-Coordinator_JR6269-1,"Greenville, SC",Posted 30+ Days Ago,JR6269
"Sales Consultant - Bluffton/Hilton Head, SC",/job/Bluffton-South-Carolina/Sales-Consultant---Bluffton-Hilton-Head--SC_JR6258-1,"Bluffton, South Carolina",Posted 30+ Days Ago,JR6258
Customer Care Manager II (Covington Area),/job/Covington-GA/Customer-Care-Manager-II--Covington-Area-_JR6206,"Covington, GA",Posted 30+ Days Ago,JR6206
Manager Growth and Strategic Partnerships,/job/Atlanta-GA/Manager-Growth-and-Strategic-Partnerships_JR5718,"Atlanta, GA",Posted 30+ Days Ago,JR5718
Sales Consultant,/job/Bonita-Springs-FL/Sales-Consultant_JR5680,"Bonita Springs, FL",Posted 30+ Days Ago,JR5680
Land Project Manager,/job/Bonita-Springs-FL/Project-Manager_JR5819,"Bonita Springs, FL",Posted 30+ Days Ago,JR5819
"General Sales Manager - Columbia, SC",/job/Columbia-SC/General-Sales-Manager---Columbia--SC_JR6117,"Columbia, SC",Posted 30+ Days Ago,JR6117
"Sales Consultant - Salt Lake City, Utah",/job/Salt-Lake-City-UT/Sales-Consultant---Salt-Lake-City--Utah_JR6116,"Salt Lake City, UT",Posted 30+ Days Ago,JR6116
Sales Consultant (Englewood Area),/job/Bonita-Springs-FL/Sales-Consultant--Englewood-Area-_JR6114,"Bonita Springs, FL",Posted 30+ Days Ago,JR6114
Sales Consultant (Bradenton Area),/job/Bonita-Springs-FL/Sales-Consultant--Bradenton-Area-_JR6113,"Bonita Springs, FL",Posted 30+ Days Ago,JR6113
Assistant Customer Care Manager,/job/Myrtle-Beach-SC/Assistant-Customer-Care-Manager_JR6103,"Myrtle Beach, SC",Posted 30+ Days Ago,JR6103
Lead Punch Carpenter,/job/Myrtle-Beach-Svc-Center-ICG/Lead-Punch-Carpenter_JR6086,Myrtle Beach Svc Center (ICG),Posted 30+ Days Ago,JR6086
"Host - Lathrop, CA",/job/Pleasanton-CA/Host---Lathrop--CA_JR5941,"Pleasanton, CA",Posted 30+ Days Ago,JR5941
NSS Senior Accountant I,/job/Atlanta-GA/NSS-Senior-Accountant-I_JR4480-1,"Atlanta, GA",Posted 30+ Days Ago,JR4480
Civil Engineering Project Manager,/job/Alpharetta-GA/Civil-Engineering-Project-Manager_JR5917-1,"Alpharetta, GA",Posted 30+ Days Ago,JR5917
"Sales Consultant - San Jose, CA",/job/Pleasanton-CA/Sales-Consultant---San-Jose--CA_JR5918,"Pleasanton, CA",Posted 30+ Days Ago,JR5918
Land Project Manager,/job/Riverview-FL/Land-Project-Manager_JR5902,"Riverview, FL",Posted 30+ Days Ago,JR5902
Procurement Coordinator,/job/Riverview-FL/Procurement-Coordinator_JR5904,"Riverview, FL",Posted 30+ Days Ago,JR5904
Land Acquisition Manager,/job/Riverview-FL/Land-Acquisition-Manager_JR5736,"Riverview, FL",Posted 30+ Days Ago,JR5736
"Sales Consultant - Hilton Head, SC",/job/Hilton-Head-SC/Sales-Consultant---Hilton-Head--SC_JR5867,"Hilton Head, SC",Posted 30+ Days Ago,JR5867
Sales Consultant,/job/Las-Vegas-NV/Sales-Consultant_JR4758,"Las Vegas, NV",Posted 30+ Days Ago,JR4758
Corporate Audit Manager,/job/Atlanta-GA/Corporate-Audit-Manager_JR5545,"Atlanta, GA",Posted 30+ Days Ago,JR5545
"Commercial Superintendent (Residential Amenities) - Ft. Myers/Naples, FL",/job/Estero-FL/Commercial-Superintendent--Residential-Amenities----Ft-Myers-Naples--FL_JR5778,"Estero, FL",Posted 30+ Days Ago,JR5778
Closing Coordinator,/job/Orlando-FL/Closing-Coordinator_JR5415,"Orlando, FL",Posted 30+ Days Ago,JR5415
"Host II - Wilmington, NC",/job/Wilmington-NC/Host-II---Wilmington--NC_JR5659,"Wilmington, NC",Posted 30+ Days Ago,JR5659
Manager Land Acquisition,/job/Las-Vegas-NV/Manager-Land-Acquisition_JR5683,"Las Vegas, NV",Posted 30+ Days Ago,JR5683
"Assistant Construction Manager - Savannah, GA",/job/Savannah-GA/Assistant-Construction-Manager---Savannah--GA_JR5077,"Savannah, GA",Posted 30+ Days Ago,JR5077
"Land Project Manager - Columbia, SC",/job/Columbia-SC/Assistant-Project-Manager-Land-Planning---Entitlements---Columbia--SC_JR4037,"Columbia, SC",Posted 30+ Days Ago,JR4037
Customer Care Manager (Winter Haven Area),/job/Riverview-FL/Customer-Care-Manager--Winter-Haven-Area-_JR5089,"Riverview, FL",Posted 30+ Days Ago,JR5089
Customer Care Manager II (Wesley Chapel),/job/Riverview-FL/Customer-Care-Manager-II--Wesley-Chapel-_JR4529,"Riverview, FL",Posted 30+ Days Ago,JR4529
"General Sales Manager - Myrtle Beach, SC",/job/Myrtle-Beach-SC/General-Sales-Manager---Myrtle-Beach--SC_JR5023,"Myrtle Beach, SC",Posted 30+ Days Ago,JR5023
Land Coordinator,/job/Bonita-Springs-FL/Land-Coordinator_JR5185,"Bonita Springs, FL",Posted 30+ Days Ago,JR5185
"Land Project Manager - Savannah, GA",/job/Hilton-Head-SC/Land-Project-Manager---Hilton-Head--SC_JR4032,"Hilton Head, SC",Posted 30+ Days Ago,JR4032
Land Project Manager,/job/West-Palm-Beach-FL/Land-Project-Manager_JR4750,"West Palm Beach, FL",Posted 30+ Days Ago,JR4750
Manager of Land Development,/job/West-Palm-Beach-FL/Manager-of-Land-Development_JR4751,"West Palm Beach, FL",Posted 30+ Days Ago,JR4751
"Sales Consultant - San Jose, CA",/job/Pleasanton-CA/Sales-Consultant---San-Jose--CA_JR5207,"Pleasanton, CA",Posted 30+ Days Ago,JR5207
Sales Consultant,/job/Greenville-SC/Sales-Consultant_JR3975,"Greenville, SC",Posted 30+ Days Ago,JR3975
"Land Acquisition Manager - Myrtle Beach, SC",/job/Myrtle-Beach-SC/Land-Acquisition-Manager_JR3613,"Myrtle Beach, SC",Posted 30+ Days Ago,JR3613
Assistant Construction Manager,/job/Albuquerque-NM/Assistant-Construction-Manager_JR4896,"Albuquerque, NM",Posted 30+ Days Ago,JR4896
Construction Manager,/job/West-Palm-Beach-FL/Construction-Manager_JR4851,"West Palm Beach, FL",Posted 30+ Days Ago,JR4851
Land Acquisition Manager,/job/Riverview-FL/Land-Acquisition-Manager_JR4404,"Riverview, FL",Posted 30+ Days Ago,JR4404
